{
	"credit": "Made by Vexxel#9727 with Blockbench || https://github.com/Vexxel || © Vexxel. All rights reserved.",
	"parent": "block/block",
	"elements": [
		{
			"from": [2, 0, 2],
			"to": [14, 16, 14],
			"faces": {
				"north": {"uv": [0, 14, 16, 2], "rotation": 90, "texture": "#inside"},
				"east": {"uv": [0, 2, 16, 14], "rotation": 90, "texture": "#inside"},
				"south": {"uv": [0, 14, 16, 2], "rotation": 90, "texture": "#inside"},
				"west": {"uv": [0, 2, 16, 14], "rotation": 90, "texture": "#inside"}
			}
		},
		{
			"from": [13, 16, 13],
			"to": [3, 0, 3],
			"faces": {
				"north": {"uv": [16, 13, 0, 3], "rotation": 90, "texture": "#inside"},
				"east": {"uv": [16, 3, 0, 13], "rotation": 90, "texture": "#inside"},
				"south": {"uv": [16, 13, 0, 3], "rotation": 90, "texture": "#inside"},
				"west": {"uv": [16, 3, 0, 13], "rotation": 90, "texture": "#inside"}
			}
		},
		{
			"from": [2, 0, 2],
			"to": [3, 16, 14],
			"faces": {
				"up": {"uv": [0, 14, 1, 2], "texture": "#inside"},
				"down": {"uv": [15, 2, 16, 14], "texture": "#inside"}
			}
		},
		{
			"from": [13, 0, 2],
			"to": [14, 16, 14],
			"faces": {
				"up": {"uv": [0, 2, 1, 14], "texture": "#inside"},
				"down": {"uv": [15, 14, 16, 2], "texture": "#inside"}
			}
		},
		{
			"from": [3, 0, 13],
			"to": [13, 16, 14],
			"faces": {
				"up": {"uv": [0, 13, 1, 3], "rotation": 90, "texture": "#inside"},
				"down": {"uv": [15, 13, 16, 3], "rotation": 90, "texture": "#inside"}
			}
		},
		{
			"from": [3, 0, 2],
			"to": [13, 16, 3],
			"faces": {
				"up": {"uv": [0, 3, 1, 13], "rotation": 90, "texture": "#inside"},
				"down": {"uv": [15, 3, 16, 13], "rotation": 90, "texture": "#inside"}
			}
		},
		{
			"from": [2, 0, 2],
			"to": [14, 16, 14],
			"faces": {
				"north": {"uv": [2, 0, 14, 16], "texture": "#outside"},
				"east": {"uv": [1, 0, 13, 16], "texture": "#outside"},
				"south": {"uv": [2, 0, 14, 16], "texture": "#outside"},
				"west": {"uv": [1, 0, 13, 16], "texture": "#outside"}
			}
		},
		{
			"from": [3, 1, 3],
			"to": [13, 2, 13],
			"faces": {
				"up": {"uv": [3, 3, 13, 13], "rotation": 90, "texture": "#sheet"},
				"down": {"uv": [13, 3, 3, 13], "rotation": 90, "texture": "#sheet"}
			}
		},
		{
			"from": [3, 14, 3],
			"to": [13, 15, 13],
			"faces": {
				"up": {"uv": [3, 3, 13, 13], "rotation": 90, "texture": "#sheet"},
				"down": {"uv": [13, 3, 3, 13], "rotation": 90, "texture": "#sheet"}
			}
		}
	]
}