{
	"credit": "Made with Blockbench",
	"parent": "block/block",
	"textures": {
		"gearbox": "gtceu:block/gearbox",
		"bottom": "gtceu:block/casings/voltage/lv/bottom",
		"top": "gtceu:block/casings/voltage/lv/top",
		"particle": "gtceu:block/casings/voltage/lv/side",
		"side": "gtceu:block/casings/voltage/lv/side"
	},
	"elements": [
		{
			"from": [0, 0, 0],
			"to": [16, 16, 16],
			"faces": {
				"north": {"uv": [0, 0, 16, 16], "texture": "#side", "cullface": "north", "tintindex": 1},
				"south": {"uv": [0, 0, 16, 16], "texture": "#side", "cullface": "south", "tintindex": 1},
				"up": {"uv": [0, 0, 16, 16], "texture": "#top", "cullface": "up", "tintindex": 1},
				"down": {"uv": [0, 0, 16, 16], "texture": "#bottom", "cullface": "down", "tintindex": 1}
			}
		},
		{
			"name": "Core",
			"from": [1, 1, 1],
			"to": [15, 15, 15],
			"rotation": {"angle": 0, "axis": "y", "origin": [1, 0, 0]},
			"faces": {
				"east": {"uv": [1, 1, 15, 15], "texture": "#gearbox"},
				"west": {"uv": [1, 1, 15, 15], "texture": "#gearbox"}
			}
		},
		{
			"from": [0, 0, 0],
			"to": [0, 16, 1],
			"faces": {
				"west": {"uv": [0, 0, 1, 16], "texture": "#side", "cullface": "west", "tintindex": 1}
			}
		},
		{
			"from": [0, 0, 15],
			"to": [0, 16, 16],
			"faces": {
				"west": {"uv": [15, 0, 16, 16], "texture": "#side", "cullface": "west", "tintindex": 1}
			}
		},
		{
			"from": [0, 15, 1],
			"to": [0, 16, 15],
			"faces": {
				"west": {"uv": [1, 0, 15, 1], "texture": "#side", "cullface": "west", "tintindex": 1}
			}
		},
		{
			"from": [0, 0, 1],
			"to": [0, 1, 15],
			"faces": {
				"west": {"uv": [1, 15, 15, 16], "texture": "#side", "cullface": "west", "tintindex": 1}
			}
		},
		{
			"from": [16, 0, 1],
			"to": [16, 1, 15],
			"faces": {
				"east": {"uv": [1, 15, 15, 16], "texture": "#side", "cullface": "east", "tintindex": 1}
			}
		},
		{
			"from": [16, 15, 1],
			"to": [16, 16, 15],
			"faces": {
				"east": {"uv": [1, 0, 15, 1], "texture": "#side", "cullface": "east", "tintindex": 1}
			}
		},
		{
			"from": [16, 0, 15],
			"to": [16, 16, 16],
			"faces": {
				"east": {"uv": [0, 0, 1, 16], "texture": "#side", "cullface": "east", "tintindex": 1}
			}
		},
		{
			"from": [16, 0, 0],
			"to": [16, 16, 1],
			"faces": {
				"east": {"uv": [15, 0, 16, 16], "texture": "#side", "cullface": "east", "tintindex": 1}
			}
		},
		{
			"from": [0, 1, 1],
			"to": [16, 1, 15],
			"rotation": {"angle": 0, "axis": "y", "origin": [0, -1, 0]},
			"faces": {
				"up": {"uv": [0, 1, 16, 15], "texture": "#side", "tintindex": 1}
			}
		},
		{
			"from": [0, 15, 1],
			"to": [16, 15, 15],
			"rotation": {"angle": 0, "axis": "y", "origin": [1, 1, 0]},
			"faces": {
				"down": {"uv": [0, 1, 16, 15], "texture": "#side", "tintindex": 1}
			}
		},
		{
			"from": [0, 1, 1],
			"to": [16, 15, 1],
			"rotation": {"angle": 0, "axis": "y", "origin": [0, 0, -1]},
			"faces": {
				"south": {"uv": [0, 1, 16, 15], "texture": "#side", "tintindex": 1}
			}
		},
		{
			"from": [0, 1, 15],
			"to": [16, 15, 16],
			"rotation": {"angle": 0, "axis": "y", "origin": [0, 0, 1]},
			"faces": {
				"north": {"uv": [0, 1, 16, 15], "texture": "#side", "tintindex": 1}
			}
		}
	],
	"groups": [
		0,
		1,
		{
			"name": "group",
			"origin": [0, 0, 0],
			"color": 0,
			"children": [2, 3, 4, 5]
		},
		{
			"name": "group",
			"origin": [8, 8, 8],
			"color": 0,
			"children": [6, 7, 8, 9]
		},
		{
			"name": "group",
			"origin": [0, 0, 0],
			"color": 0,
			"children": [10, 11, 12, 13]
		}
	]
}