{
	"credit": "Made with Blockbench",
	"parent": "block/block",
	"textures": {
		"bottom": "gtceu:block/casings/voltage/lv/bottom",
		"top": "gtceu:block/casings/voltage/lv/top",
		"particle": "gtceu:block/casings/voltage/lv/side",
		"side": "gtceu:block/casings/voltage/lv/side",
		"screen": "gtceu:block/overlay/machine/overlay_screen",
		"screen_emissive": "gtceu:block/overlay/locker/overlay_locker_000",
		"hatch": "gtceu:block/overlay/machine/overlay_hatch",
		"pump": "gtceu:block/overlay/machine/overlay_adv_pump"
	},
	"elements": [
		{
			"from": [0, 0, 0],
			"to": [16, 16, 16],
			"faces": {
				"north": {"uv": [0, 0, 16, 16], "texture": "#side", "cullface": "north", "tintindex": 1},
				"east": {"uv": [0, 0, 16, 16], "texture": "#side", "cullface": "east", "tintindex": 1},
				"south": {"uv": [0, 0, 16, 16], "texture": "#side", "cullface": "south", "tintindex": 1},
				"west": {"uv": [0, 0, 16, 16], "texture": "#side", "cullface": "west", "tintindex": 1},
				"up": {"uv": [0, 0, 16, 16], "texture": "#top", "cullface": "up", "tintindex": 1},
				"down": {"uv": [0, 0, 16, 16], "texture": "#bottom", "cullface": "down", "tintindex": 1}
			}
		},
		{
			"from": [0, 16, 0],
			"to": [16, 16, 16],
			"faces": {
				"up": {"uv": [0, 0, 16, 16], "texture": "#screen", "cullface": "up"}
			}
		},
		{
			"from": [0, 16, 0],
			"to": [16, 16, 16],
			"faces": {
				"up": {"uv": [0, 0, 16, 16], "texture": "#screen_emissive", "cullface": "up"}
			}
		},
		{
			"from": [0, 0, 0],
			"to": [16, 16, 16],
			"faces": {
				"east": {"uv": [0, 0, 16, 16], "texture": "#pump", "cullface": "east"},
				"south": {"uv": [0, 0, 16, 16], "texture": "#pump", "cullface": "south"},
				"west": {"uv": [0, 0, 16, 16], "texture": "#pump", "cullface": "west"},
				"down": {"uv": [0, 0, 16, 16], "texture": "#hatch", "cullface": "down"}
			}
		}
	]
}