{
	"credit": "Made by Vexxel#9727 with Blockbench || https://github.com/Vexxel || 2022",
	"parent": "block/block",
	"textures": {
		"3": "#walls_inside",
		"particle": "#side",
		"side": "#side",
		"bottom": "#bottom",
		"top": "#top"
	},
	"elements": [
		{
			"from": [4, 0, 4],
			"to": [12, 1, 12],
			"faces": {
				"north": {"uv": [4, 15, 12, 16], "texture": "#side"},
				"east": {"uv": [4, 15, 12, 16], "texture": "#side"},
				"south": {"uv": [4, 15, 12, 16], "texture": "#side"},
				"west": {"uv": [4, 15, 12, 16], "texture": "#side"},
				"down": {"uv": [4, 4, 12, 12], "texture": "#bottom"}
			}
		},
		{
			"from": [3, 1, 3],
			"to": [13, 2, 13],
			"faces": {
				"north": {"uv": [3, 14, 13, 15], "texture": "#side"},
				"east": {"uv": [3, 14, 13, 15], "texture": "#side"},
				"south": {"uv": [3, 14, 13, 15], "texture": "#side"},
				"west": {"uv": [3, 14, 13, 15], "texture": "#side"},
				"up": {"uv": [3, 3, 13, 13], "texture": "#bottom"},
				"down": {"uv": [3, 3, 13, 13], "texture": "#bottom"}
			}
		},
		{
			"from": [3, 2, 2],
			"to": [13, 9, 4],
			"faces": {
				"north": {"uv": [3, 7, 13, 14], "texture": "#side"},
				"east": {"uv": [12, 7, 14, 14], "texture": "#side"},
				"south": {"uv": [3, 7, 13, 14], "texture": "#3"},
				"west": {"uv": [2, 7, 4, 14], "texture": "#side"},
				"up": {"uv": [3, 2, 13, 4], "texture": "#top"},
				"down": {"uv": [3, 12, 13, 14], "texture": "#bottom"}
			}
		},
		{
			"from": [4, 9, 6],
			"to": [6, 10, 10],
			"faces": {
				"east": {"uv": [6, 6, 10, 7], "texture": "#3"},
				"west": {"uv": [6, 6, 10, 7], "texture": "#side"},
				"up": {"uv": [4, 6, 6, 10], "texture": "#top"}
			}
		},
		{
			"from": [10, 9, 6],
			"to": [12, 10, 10],
			"faces": {
				"east": {"uv": [6, 6, 10, 7], "texture": "#side"},
				"west": {"uv": [6, 6, 10, 7], "texture": "#3"},
				"up": {"uv": [10, 6, 12, 10], "texture": "#top"}
			}
		},
		{
			"from": [4, 9, 10],
			"to": [12, 10, 12],
			"faces": {
				"north": {"uv": [4, 6, 12, 7], "texture": "#3"},
				"east": {"uv": [4, 6, 6, 7], "texture": "#side"},
				"south": {"uv": [4, 6, 12, 7], "texture": "#side"},
				"west": {"uv": [10, 6, 12, 7], "texture": "#side"},
				"up": {"uv": [4, 10, 12, 12], "texture": "#top"}
			}
		},
		{
			"from": [4, 9, 4],
			"to": [12, 10, 6],
			"faces": {
				"north": {"uv": [4, 6, 12, 7], "texture": "#side"},
				"east": {"uv": [10, 6, 12, 7], "texture": "#side"},
				"south": {"uv": [4, 6, 12, 7], "texture": "#3"},
				"west": {"uv": [4, 6, 6, 7], "texture": "#side"},
				"up": {"uv": [4, 4, 12, 6], "texture": "#top"}
			}
		},
		{
			"from": [3, 2, 12],
			"to": [13, 9, 14],
			"faces": {
				"north": {"uv": [3, 7, 13, 14], "texture": "#3"},
				"east": {"uv": [2, 7, 4, 14], "texture": "#side"},
				"south": {"uv": [3, 7, 13, 14], "texture": "#side"},
				"west": {"uv": [12, 7, 14, 14], "texture": "#side"},
				"up": {"uv": [3, 12, 13, 14], "texture": "#top"},
				"down": {"uv": [3, 2, 13, 4], "texture": "#bottom"}
			}
		},
		{
			"from": [12, 2, 4],
			"to": [14, 9, 12],
			"faces": {
				"north": {"uv": [13, 7, 15, 14], "texture": "#side"},
				"east": {"uv": [4, 7, 12, 14], "texture": "#side"},
				"south": {"uv": [1, 7, 3, 14], "texture": "#side"},
				"west": {"uv": [3, 7, 13, 14], "texture": "#3"},
				"up": {"uv": [12, 4, 14, 12], "texture": "#top"},
				"down": {"uv": [12, 4, 14, 12], "texture": "#bottom"}
			}
		},
		{
			"from": [2, 2, 4],
			"to": [4, 9, 12],
			"faces": {
				"north": {"uv": [1, 7, 3, 14], "texture": "#side"},
				"east": {"uv": [3, 7, 13, 14], "texture": "#3"},
				"south": {"uv": [2, 7, 4, 14], "texture": "#side"},
				"west": {"uv": [4, 7, 12, 14], "texture": "#side"},
				"up": {"uv": [2, 4, 4, 12], "texture": "#top"},
				"down": {"uv": [2, 4, 4, 12], "texture": "#bottom"}
			}
		},
		{
			"from": [10, 10, 6],
			"to": [11, 13, 10],
			"faces": {
				"north": {"uv": [5, 3, 6, 6], "texture": "#side"},
				"east": {"uv": [6, 3, 10, 6], "texture": "#side"},
				"south": {"uv": [10, 3, 11, 6], "texture": "#side"},
				"west": {"uv": [6, 3, 10, 6], "texture": "#side"},
				"up": {"uv": [10, 6, 11, 10], "texture": "#top"}
			}
		},
		{
			"from": [5, 10, 6],
			"to": [6, 13, 10],
			"faces": {
				"north": {"uv": [10, 3, 11, 6], "texture": "#side"},
				"east": {"uv": [6, 3, 10, 6], "texture": "#side"},
				"south": {"uv": [5, 3, 6, 6], "texture": "#side"},
				"west": {"uv": [6, 3, 10, 6], "texture": "#side"},
				"up": {"uv": [5, 6, 6, 10], "texture": "#top"}
			}
		},
		{
			"from": [6, 10, 10],
			"to": [10, 13, 11],
			"faces": {
				"north": {"uv": [6, 3, 10, 6], "texture": "#side"},
				"east": {"uv": [5, 3, 6, 6], "texture": "#side"},
				"south": {"uv": [6, 3, 10, 6], "texture": "#side"},
				"west": {"uv": [10, 3, 11, 6], "texture": "#side"},
				"up": {"uv": [6, 10, 10, 11], "texture": "#top"}
			}
		},
		{
			"from": [6, 10, 5],
			"to": [10, 13, 6],
			"faces": {
				"north": {"uv": [6, 3, 10, 6], "texture": "#side"},
				"east": {"uv": [10, 3, 11, 6], "texture": "#side"},
				"south": {"uv": [6, 3, 10, 6], "texture": "#side"},
				"west": {"uv": [5, 3, 6, 6], "texture": "#side"},
				"up": {"uv": [6, 5, 10, 6], "texture": "#top"}
			}
		},
		{
			"from": [2, 2, 3],
			"to": [3, 9, 4],
			"faces": {
				"north": {"uv": [13, 7, 14, 14], "texture": "#side"},
				"west": {"uv": [3, 7, 4, 14], "texture": "#side"},
				"up": {"uv": [2, 3, 3, 4], "texture": "#top"},
				"down": {"uv": [2, 12, 3, 13], "texture": "#bottom"}
			}
		},
		{
			"from": [13, 2, 3],
			"to": [14, 9, 4],
			"faces": {
				"north": {"uv": [2, 7, 3, 14], "texture": "#side"},
				"east": {"uv": [12, 7, 13, 14], "texture": "#side"},
				"west": {"uv": [3, 7, 4, 14], "texture": "#side"},
				"up": {"uv": [13, 3, 14, 4], "texture": "#top"},
				"down": {"uv": [2, 12, 3, 13], "texture": "#bottom"}
			}
		},
		{
			"from": [13, 2, 12],
			"to": [14, 9, 13],
			"faces": {
				"north": {"uv": [13, 7, 14, 14], "texture": "#side"},
				"east": {"uv": [3, 7, 4, 14], "texture": "#side"},
				"south": {"uv": [13, 7, 14, 14], "texture": "#side"},
				"west": {"uv": [3, 7, 4, 14], "texture": "#side"},
				"up": {"uv": [13, 12, 14, 13], "texture": "#top"},
				"down": {"uv": [2, 12, 3, 13], "texture": "#bottom"}
			}
		},
		{
			"from": [2, 2, 12],
			"to": [3, 9, 13],
			"faces": {
				"north": {"uv": [13, 7, 14, 14], "texture": "#side"},
				"south": {"uv": [2, 7, 3, 14], "texture": "#side"},
				"west": {"uv": [3, 7, 4, 14], "texture": "#side"},
				"up": {"uv": [2, 12, 3, 13], "texture": "#top"},
				"down": {"uv": [2, 12, 3, 13], "texture": "#bottom"}
			}
		}
	]
}