{"stats":{"minecraft:crafted":{"minecraft:iron_sword":1,"minecraft:air":12,"minecraft:iron_pickaxe":1},"minecraft:mined":{"supplementaries:stick":1},"minecraft:picked_up":{"minecraft:leather_chestplate":1,"minecraft:stick":1,"minecraft:iron_ingot":6,"minecraft:chainmail_chestplate":1,"minecraft:light_blue_bed":1},"minecraft:custom":{"minecraft:time_since_rest":25177,"minecraft:open_chest":1,"minecraft:play_time":25177,"minecraft:sprint_one_cm":7968,"minecraft:crouch_one_cm":1108,"lootr:looted_stat":3,"minecraft:damage_taken":70,"minecraft:walk_one_cm":11322,"minecraft:sneak_time":219,"minecraft:drop":1,"minecraft:jump":106,"minecraft:time_since_death":25177,"minecraft:total_world_time":25177,"minecraft:fall_one_cm":3132,"minecraft:interact_with_crafting_table":3,"minecraft:fly_one_cm":16281},"minecraft:dropped":{"minecraft:iron_ingot":5},"minecraft:used":{"minecraft:stick":1}},"DataVersion":2975}