{"stats":{"minecraft:crafted":{"sophisticatedbackpacks:backpack":1,"minecraft:iron_axe":1,"minecraft:crafting_table":1,"minecraft:stick":8,"quark:oak_chest":1,"minecraft:chest":1,"minecraft:iron_leggings":1,"minecraft:air":27},"minecraft:mined":{"minecraft:cyan_wool":1,"minecraft:light_blue_bed":2,"minecraft:grass":13,"minecraft:oak_log":35,"minecraft:tall_grass":5,"minecraft:stone":250},"minecraft:picked_up":{"minecraft:stick":4,"apotheosis:gem":1,"minecraft:iron_chestplate":1,"minecraft:leather":4,"sushigocrafting:cucumber_seeds":1,"minecraft:porkchop":5,"pizzacraft:tomato_seeds":1,"minecraft:oak_log":35,"tombstone:grave_dust":3,"minecraft:carrot":1,"minecraft:light_blue_bed":3,"minecraft:spider_eye":7,"minecraft:string":7,"minecraft:arrow":2,"minecraft:rotten_flesh":7,"minecraft:apple":3,"immersiveengineering:seed":1,"minecraft:wheat_seeds":2,"mysticalagriculture:inferium_essence":10,"delightful:acorn":8,"minecraft:iron_ingot":5,"minecraft:beef":8,"minecraft:stone_pickaxe":2,"minecraft:emerald":1,"minecraft:iron_pickaxe":1,"minecraft:oak_sapling":3,"minecraft:cobblestone":250},"minecraft:custom":{"minecraft:time_since_rest":29907,"lootr:looted_stat":7,"minecraft:sprint_one_cm":87895,"minecraft:damage_taken":820,"minecraft:walk_one_cm":63629,"minecraft:mob_kills":24,"minecraft:drop":20,"minecraft:damage_dealt":4102,"minecraft:damage_dealt_absorbed":120,"minecraft:swim_one_cm":44123,"minecraft:interact_with_crafting_table":4,"minecraft:fly_one_cm":115095,"minecraft:open_barrel":3,"minecraft:open_chest":3,"minecraft:crouch_one_cm":99,"minecraft:play_time":43983,"tombstone:undead_killed":10,"minecraft:deaths":1,"minecraft:sneak_time":201,"minecraft:walk_under_water_one_cm":1080,"minecraft:jump":436,"minecraft:leave_game":1,"minecraft:time_since_death":29873,"minecraft:walk_on_water_one_cm":13900,"minecraft:total_world_time":43983,"minecraft:fall_one_cm":10320},"minecraft:dropped":{"minecraft:iron_ingot":6,"minecraft:leather_chestplate":1,"minecraft:stone_axe":1,"minecraft:wheat_seeds":2,"sushigocrafting:cucumber_seeds":1,"minecraft:spider_eye":4,"delightful:acorn":8,"minecraft:stone_pickaxe":2,"minecraft:light_blue_bed":2,"minecraft:carrot":1,"minecraft:chainmail_chestplate":1,"pizzacraft:tomato_seeds":1,"minecraft:emerald":1},"minecraft:killed":{"minecraft:skeleton":3,"minecraft:zombie":7,"minecraft:spider":7,"betteranimalsplus:boar":2,"minecraft:creeper":1,"minecraft:cow":4},"minecraft:broken":{"minecraft:iron_pickaxe":1},"minecraft:killed_by":{"minecraft:spider":1},"minecraft:used":{"minecraft:iron_axe":44,"minecraft:bread":13,"minecraft:iron_pickaxe":250,"minecraft:iron_sword":20,"minecraft:stone_axe":43,"minecraft:crafting_table":2,"tombstone:gift":2,"minecraft:experience_bottle":8}},"DataVersion":2975}