{
  "type": "tfc:pipe_vein",
  "config": {
    "rarity": 180,
    "density": 0.35,
    "min_y": -32,
    "max_y": 50,
    "random_name": "normal_beryllium",
    "min_skew": 6,
    "max_skew": 18,
    "min_slant": 0,
    "max_slant": 4,
    "sign": 0,
    "height": 60,
    "radius": 10,
    "blocks": [
      {
        "replace": [
          "tfc:rock/raw/rhyolite"
        ],
        "with": [
          {
            "block": "gtceu:rhyolite_beryllium_ore",
            "weight": 35
          },
          {
            "block": "gtceu:rhyolite_emerald_ore",
            "weight": 50
          },
          {
            "block": "gtceu:rhyolite_thorium_ore",
            "weight": 15
          }
        ]
      },
      {
        "replace": [
          "tfc:rock/raw/basalt"
        ],
        "with": [
          {
            "block": "gtceu:basalt_beryllium_ore",
            "weight": 35
          },
          {
            "block": "gtceu:basalt_emerald_ore",
            "weight": 50
          },
          {
            "block": "gtceu:basalt_thorium_ore",
            "weight": 15
          }
        ]
      },
      {
        "replace": [
          "tfc:rock/raw/andesite"
        ],
        "with": [
          {
            "block": "gtceu:andesite_beryllium_ore",
            "weight": 35
          },
          {
            "block": "gtceu:andesite_emerald_ore",
            "weight": 50
          },
          {
            "block": "gtceu:andesite_thorium_ore",
            "weight": 15
          }
        ]
      },
      {
        "replace": [
          "tfc:rock/raw/dacite"
        ],
        "with": [
          {
            "block": "gtceu:dacite_beryllium_ore",
            "weight": 35
          },
          {
            "block": "gtceu:dacite_emerald_ore",
            "weight": 50
          },
          {
            "block": "gtceu:dacite_thorium_ore",
            "weight": 15
          }
        ]
      }
    ]
  }
}