{
  "type": "tfc:cluster_vein",
  "config": {
    "rarity": 200,
    "density": 0.4,
    "min_y": -32,
    "max_y": 75,
    "size": 40,
    "random_name": "normal_magnetite",
    "blocks": [
      {
        "replace": [
          "tfc:rock/raw/shale"
        ],
        "with": [
          {
            "block": "gtceu:shale_magnetite_ore",
            "weight": 65
          },
          {
            "block": "gtceu:shale_vanadium_magnetite_ore",
            "weight": 25
          },
          {
            "block": "gtceu:shale_gold_ore",
            "weight": 10
          }
        ]
      },
      {
        "replace": [
          "tfc:rock/raw/claystone"
        ],
        "with": [
          {
            "block": "gtceu:claystone_magnetite_ore",
            "weight": 65
          },
          {
            "block": "gtceu:claystone_vanadium_magnetite_ore",
            "weight": 25
          },
          {
            "block": "gtceu:claystone_gold_ore",
            "weight": 10
          }
        ]
      },
      {
        "replace": [
          "tfc:rock/raw/limestone"
        ],
        "with": [
          {
            "block": "gtceu:limestone_magnetite_ore",
            "weight": 65
          },
          {
            "block": "gtceu:limestone_vanadium_magnetite_ore",
            "weight": 25
          },
          {
            "block": "gtceu:limestone_gold_ore",
            "weight": 10
          }
        ]
      },
      {
        "replace": [
          "tfc:rock/raw/conglomerate"
        ],
        "with": [
          {
            "block": "gtceu:conglomerate_magnetite_ore",
            "weight": 65
          },
          {
            "block": "gtceu:conglomerate_vanadium_magnetite_ore",
            "weight": 25
          },
          {
            "block": "gtceu:conglomerate_gold_ore",
            "weight": 10
          }
        ]
      },
      {
        "replace": [
          "tfc:rock/raw/dolomite"
        ],
        "with": [
          {
            "block": "gtceu:dolomite_magnetite_ore",
            "weight": 65
          },
          {
            "block": "gtceu:dolomite_vanadium_magnetite_ore",
            "weight": 25
          },
          {
            "block": "gtceu:dolomite_gold_ore",
            "weight": 10
          }
        ]
      },
      {
        "replace": [
          "tfc:rock/raw/chert"
        ],
        "with": [
          {
            "block": "gtceu:chert_magnetite_ore",
            "weight": 65
          },
          {
            "block": "gtceu:chert_vanadium_magnetite_ore",
            "weight": 25
          },
          {
            "block": "gtceu:chert_gold_ore",
            "weight": 10
          }
        ]
      },
      {
        "replace": [
          "tfc:rock/raw/chalk"
        ],
        "with": [
          {
            "block": "gtceu:chalk_magnetite_ore",
            "weight": 65
          },
          {
            "block": "gtceu:chalk_vanadium_magnetite_ore",
            "weight": 25
          },
          {
            "block": "gtceu:chalk_gold_ore",
            "weight": 10
          }
        ]
      }
    ],
    "indicator": {
      "rarity": 12,
      "depth": 35,
      "underground_rarity": 1,
      "underground_count": 0,
      "blocks": [
        {
          "block": "tfc:ore/small_magnetite",
          "weight": 100
        }
      ]
    }
  }
}