{
  "type": "tfc:disc_vein",
  "config": {
    "rarity": 175,
    "density": 0.4,
    "min_y": 30,
    "max_y": 70,
    "size": 40,
    "random_name": "normal_salt",
    "height": 4,
    "blocks": [
      {
        "replace": [
          "tfc:rock/raw/shale"
        ],
        "with": [
          {
            "block": "gtceu:shale_rock_salt_ore",
            "weight": 40
          },
          {
            "block": "gtceu:shale_salt_ore",
            "weight": 30
          },
          {
            "block": "gtceu:shale_lepidolite_ore",
            "weight": 15
          },
          {
            "block": "gtceu:shale_borax_ore",
            "weight": 15
          }
        ]
      },
      {
        "replace": [
          "tfc:rock/raw/claystone"
        ],
        "with": [
          {
            "block": "gtceu:claystone_rock_salt_ore",
            "weight": 40
          },
          {
            "block": "gtceu:claystone_salt_ore",
            "weight": 30
          },
          {
            "block": "gtceu:claystone_lepidolite_ore",
            "weight": 15
          },
          {
            "block": "gtceu:claystone_borax_ore",
            "weight": 15
          }
        ]
      },
      {
        "replace": [
          "tfc:rock/raw/limestone"
        ],
        "with": [
          {
            "block": "gtceu:limestone_rock_salt_ore",
            "weight": 40
          },
          {
            "block": "gtceu:limestone_salt_ore",
            "weight": 30
          },
          {
            "block": "gtceu:limestone_lepidolite_ore",
            "weight": 15
          },
          {
            "block": "gtceu:limestone_borax_ore",
            "weight": 15
          }
        ]
      }
    ]
  }
}