{
  "type": "tfc:cluster_vein",
  "config": {
    "rarity": 160,
    "density": 0.4,
    "min_y": -32,
    "max_y": 100,
    "size": 40,
    "random_name": "normal_redstone",
    "blocks": [
      {
        "replace": [
          "tfc:rock/raw/granite"
        ],
        "with": [
          {
            "block": "gtceu:granite_redstone_ore",
            "weight": 45
          },
          {
            "block": "gtceu:granite_ruby_ore",
            "weight": 35
          },
          {
            "block": "gtceu:granite_cinnabar_ore",
            "weight": 20
          }
        ]
      }
    ]
  }
}