{
  "type": "tfc:cluster_vein",
  "config": {
    "rarity": 195,
    "density": 0.3,
    "min_y": -32,
    "max_y": 60,
    "size": 40,
    "random_name": "normal_manganese",
    "blocks": [
      {
        "replace": [
          "tfc:rock/raw/rhyolite"
        ],
        "with": [
          {
            "block": "gtceu:rhyolite_grossular_ore",
            "weight": 30
          },
          {
            "block": "gtceu:rhyolite_spessartine_ore",
            "weight": 20
          },
          {
            "block": "gtceu:rhyolite_pyrolusite_ore",
            "weight": 20
          },
          {
            "block": "gtceu:rhyolite_tantalite_ore",
            "weight": 10
          }
        ]
      },
      {
        "replace": [
          "tfc:rock/raw/basalt"
        ],
        "with": [
          {
            "block": "gtceu:basalt_grossular_ore",
            "weight": 30
          },
          {
            "block": "gtceu:basalt_spessartine_ore",
            "weight": 20
          },
          {
            "block": "gtceu:basalt_pyrolusite_ore",
            "weight": 20
          },
          {
            "block": "gtceu:basalt_tantalite_ore",
            "weight": 10
          }
        ]
      },
      {
        "replace": [
          "tfc:rock/raw/andesite"
        ],
        "with": [
          {
            "block": "gtceu:andesite_grossular_ore",
            "weight": 30
          },
          {
            "block": "gtceu:andesite_spessartine_ore",
            "weight": 20
          },
          {
            "block": "gtceu:andesite_pyrolusite_ore",
            "weight": 20
          },
          {
            "block": "gtceu:andesite_tantalite_ore",
            "weight": 10
          }
        ]
      },
      {
        "replace": [
          "tfc:rock/raw/dacite"
        ],
        "with": [
          {
            "block": "gtceu:dacite_grossular_ore",
            "weight": 30
          },
          {
            "block": "gtceu:dacite_spessartine_ore",
            "weight": 20
          },
          {
            "block": "gtceu:dacite_pyrolusite_ore",
            "weight": 20
          },
          {
            "block": "gtceu:dacite_tantalite_ore",
            "weight": 10
          }
        ]
      },
      {
        "replace": [
          "tfc:rock/raw/shale"
        ],
        "with": [
          {
            "block": "gtceu:shale_grossular_ore",
            "weight": 30
          },
          {
            "block": "gtceu:shale_spessartine_ore",
            "weight": 20
          },
          {
            "block": "gtceu:shale_pyrolusite_ore",
            "weight": 20
          },
          {
            "block": "gtceu:shale_tantalite_ore",
            "weight": 10
          }
        ]
      },
      {
        "replace": [
          "tfc:rock/raw/claystone"
        ],
        "with": [
          {
            "block": "gtceu:claystone_grossular_ore",
            "weight": 30
          },
          {
            "block": "gtceu:claystone_spessartine_ore",
            "weight": 20
          },
          {
            "block": "gtceu:claystone_pyrolusite_ore",
            "weight": 20
          },
          {
            "block": "gtceu:claystone_tantalite_ore",
            "weight": 10
          }
        ]
      },
      {
        "replace": [
          "tfc:rock/raw/limestone"
        ],
        "with": [
          {
            "block": "gtceu:limestone_grossular_ore",
            "weight": 30
          },
          {
            "block": "gtceu:limestone_spessartine_ore",
            "weight": 20
          },
          {
            "block": "gtceu:limestone_pyrolusite_ore",
            "weight": 20
          },
          {
            "block": "gtceu:limestone_tantalite_ore",
            "weight": 10
          }
        ]
      },
      {
        "replace": [
          "tfc:rock/raw/conglomerate"
        ],
        "with": [
          {
            "block": "gtceu:conglomerate_grossular_ore",
            "weight": 30
          },
          {
            "block": "gtceu:conglomerate_spessartine_ore",
            "weight": 20
          },
          {
            "block": "gtceu:conglomerate_pyrolusite_ore",
            "weight": 20
          },
          {
            "block": "gtceu:conglomerate_tantalite_ore",
            "weight": 10
          }
        ]
      },
      {
        "replace": [
          "tfc:rock/raw/dolomite"
        ],
        "with": [
          {
            "block": "gtceu:dolomite_grossular_ore",
            "weight": 30
          },
          {
            "block": "gtceu:dolomite_spessartine_ore",
            "weight": 20
          },
          {
            "block": "gtceu:dolomite_pyrolusite_ore",
            "weight": 20
          },
          {
            "block": "gtceu:dolomite_tantalite_ore",
            "weight": 10
          }
        ]
      },
      {
        "replace": [
          "tfc:rock/raw/chert"
        ],
        "with": [
          {
            "block": "gtceu:chert_grossular_ore",
            "weight": 30
          },
          {
            "block": "gtceu:chert_spessartine_ore",
            "weight": 20
          },
          {
            "block": "gtceu:chert_pyrolusite_ore",
            "weight": 20
          },
          {
            "block": "gtceu:chert_tantalite_ore",
            "weight": 10
          }
        ]
      },
      {
        "replace": [
          "tfc:rock/raw/chalk"
        ],
        "with": [
          {
            "block": "gtceu:chalk_grossular_ore",
            "weight": 30
          },
          {
            "block": "gtceu:chalk_spessartine_ore",
            "weight": 20
          },
          {
            "block": "gtceu:chalk_pyrolusite_ore",
            "weight": 20
          },
          {
            "block": "gtceu:chalk_tantalite_ore",
            "weight": 10
          }
        ]
      }
    ]
  }
}