{
  "type": "tfc:cluster_vein",
  "config": {
    "rarity": 160,
    "density": 0.4,
    "min_y": -32,
    "max_y": 75,
    "size": 40,
    "random_name": "normal_silver",
    "blocks": [
      {
        "replace": [
          "tfc:rock/raw/granite"
        ],
        "with": [
          {
            "block": "gtceu:granite_galena_ore",
            "weight": 30
          },
          {
            "block": "gtceu:granite_silver_ore",
            "weight": 15
          },
          {
            "block": "gtceu:granite_lead_ore",
            "weight": 55
          }
        ]
      },
      {
        "replace": [
          "tfc:rock/raw/gneiss"
        ],
        "with": [
          {
            "block": "gtceu:gneiss_galena_ore",
            "weight": 30
          },
          {
            "block": "gtceu:gneiss_silver_ore",
            "weight": 15
          },
          {
            "block": "gtceu:gneiss_lead_ore",
            "weight": 55
          }
        ]
      }
    ],
    "indicator": {
      "rarity": 12,
      "depth": 60,
      "underground_rarity": 1,
      "underground_count": 0,
      "blocks": [
        {
          "block": "tfc:ore/small_native_silver",
          "weight": 100
        }
      ]
    }
  }
}