{
  "type": "tfc:cluster_vein",
  "config": {
    "rarity": 210,
    "density": 0.4,
    "min_y": -32,
    "max_y": 75,
    "size": 40,
    "random_name": "normal_hematite",
    "blocks": [
      {
        "replace": [
          "tfc:rock/raw/rhyolite"
        ],
        "with": [
          {
            "block": "gtceu:rhyolite_goethite_ore",
            "weight": 15
          },
          {
            "block": "gtceu:rhyolite_yellow_limonite_ore",
            "weight": 30
          },
          {
            "block": "gtceu:rhyolite_hematite_ore",
            "weight": 50
          },
          {
            "block": "gtceu:rhyolite_gold_ore",
            "weight": 5
          }
        ]
      },
      {
        "replace": [
          "tfc:rock/raw/basalt"
        ],
        "with": [
          {
            "block": "gtceu:basalt_goethite_ore",
            "weight": 15
          },
          {
            "block": "gtceu:basalt_yellow_limonite_ore",
            "weight": 30
          },
          {
            "block": "gtceu:basalt_hematite_ore",
            "weight": 50
          },
          {
            "block": "gtceu:basalt_gold_ore",
            "weight": 5
          }
        ]
      },
      {
        "replace": [
          "tfc:rock/raw/andesite"
        ],
        "with": [
          {
            "block": "gtceu:andesite_goethite_ore",
            "weight": 15
          },
          {
            "block": "gtceu:andesite_yellow_limonite_ore",
            "weight": 30
          },
          {
            "block": "gtceu:andesite_hematite_ore",
            "weight": 50
          },
          {
            "block": "gtceu:andesite_gold_ore",
            "weight": 5
          }
        ]
      },
      {
        "replace": [
          "tfc:rock/raw/dacite"
        ],
        "with": [
          {
            "block": "gtceu:dacite_goethite_ore",
            "weight": 15
          },
          {
            "block": "gtceu:dacite_yellow_limonite_ore",
            "weight": 30
          },
          {
            "block": "gtceu:dacite_hematite_ore",
            "weight": 50
          },
          {
            "block": "gtceu:dacite_gold_ore",
            "weight": 5
          }
        ]
      }
    ],
    "indicator": {
      "rarity": 12,
      "depth": 35,
      "underground_rarity": 1,
      "underground_count": 0,
      "blocks": [
        {
          "block": "tfc:ore/small_hematite",
          "weight": 100
        }
      ]
    }
  }
}