{
  "__comment__": "This file was automatically created by mcresources",
  "type": "minecraft:block",
  "pools": [
    {
      "name": "loot_pool",
      "rolls": 1,
      "entries": [
        {
          "type": "minecraft:item",
          "name": "firmaciv:watercraft_frame_flat"
        }
      ],
      "conditions": [
        {
          "condition": "minecraft:survives_explosion"
        }
      ]
    },
    {
      "name": "loot_pool",
      "rolls": 1,
      "entries": [
        {
          "type": "minecraft:alternatives",
          "children": [
            {
              "type": "minecraft:item",
              "name": "tfc:wood/planks/ash",
              "conditions": [
                {
                  "condition": "minecraft:block_state_property",
                  "block": "firmaciv:wood/watercraft_frame_flat/ash",
                  "properties": {
                    "frame_processed": "0"
                  }
                }
              ]
            },
            {
              "type": "minecraft:item",
              "name": "tfc:wood/planks/ash",
              "conditions": [
                {
                  "condition": "minecraft:block_state_property",
                  "block": "firmaciv:wood/watercraft_frame_flat/ash",
                  "properties": {
                    "frame_processed": "1"
                  }
                }
              ],
              "functions": [
                {
                  "function": "minecraft:set_count",
                  "count": 2
                }
              ]
            },
            {
              "type": "minecraft:item",
              "name": "tfc:wood/planks/ash",
              "conditions": [
                {
                  "condition": "minecraft:block_state_property",
                  "block": "firmaciv:wood/watercraft_frame_flat/ash",
                  "properties": {
                    "frame_processed": "2"
                  }
                }
              ],
              "functions": [
                {
                  "function": "minecraft:set_count",
                  "count": 3
                }
              ]
            },
            {
              "type": "minecraft:item",
              "name": "tfc:wood/planks/ash",
              "conditions": [
                {
                  "condition": "minecraft:block_state_property",
                  "block": "firmaciv:wood/watercraft_frame_flat/ash",
                  "properties": {
                    "frame_processed": "3"
                  }
                }
              ],
              "functions": [
                {
                  "function": "minecraft:set_count",
                  "count": 4
                }
              ]
            },
            {
              "type": "minecraft:item",
              "name": "tfc:wood/planks/ash",
              "conditions": [
                {
                  "condition": "minecraft:block_state_property",
                  "block": "firmaciv:wood/watercraft_frame_flat/ash",
                  "properties": {
                    "frame_processed": "4"
                  }
                }
              ],
              "functions": [
                {
                  "function": "minecraft:set_count",
                  "count": 4
                }
              ]
            },
            {
              "type": "minecraft:item",
              "name": "tfc:wood/planks/ash",
              "conditions": [
                {
                  "condition": "minecraft:block_state_property",
                  "block": "firmaciv:wood/watercraft_frame_flat/ash",
                  "properties": {
                    "frame_processed": "5"
                  }
                }
              ],
              "functions": [
                {
                  "function": "minecraft:set_count",
                  "count": 4
                }
              ]
            },
            {
              "type": "minecraft:item",
              "name": "tfc:wood/planks/ash",
              "conditions": [
                {
                  "condition": "minecraft:block_state_property",
                  "block": "firmaciv:wood/watercraft_frame_flat/ash",
                  "properties": {
                    "frame_processed": "6"
                  }
                }
              ],
              "functions": [
                {
                  "function": "minecraft:set_count",
                  "count": 4
                }
              ]
            },
            {
              "type": "minecraft:item",
              "name": "tfc:wood/planks/ash",
              "conditions": [
                {
                  "condition": "minecraft:block_state_property",
                  "block": "firmaciv:wood/watercraft_frame_flat/ash",
                  "properties": {
                    "frame_processed": "7"
                  }
                }
              ],
              "functions": [
                {
                  "function": "minecraft:set_count",
                  "count": 4
                }
              ]
            }
          ]
        }
      ],
      "conditions": [
        {
          "condition": "minecraft:survives_explosion"
        }
      ]
    },
    {
      "name": "loot_pool",
      "rolls": 1,
      "entries": [
        {
          "type": "minecraft:alternatives",
          "children": [
            {
              "type": "minecraft:item",
              "name": "gtceu:copper_bolt",
              "conditions": [
                {
                  "condition": "minecraft:block_state_property",
                  "block": "firmaciv:wood/watercraft_frame_flat/ash",
                  "properties": {
                    "frame_processed": "4"
                  }
                }
              ]
            },
            {
              "type": "minecraft:item",
              "name": "gtceu:copper_bolt",
              "conditions": [
                {
                  "condition": "minecraft:block_state_property",
                  "block": "firmaciv:wood/watercraft_frame_flat/ash",
                  "properties": {
                    "frame_processed": "5"
                  }
                }
              ],
              "functions": [
                {
                  "function": "minecraft:set_count",
                  "count": 2
                }
              ]
            },
            {
              "type": "minecraft:item",
              "name": "gtceu:copper_bolt",
              "conditions": [
                {
                  "condition": "minecraft:block_state_property",
                  "block": "firmaciv:wood/watercraft_frame_flat/ash",
                  "properties": {
                    "frame_processed": "6"
                  }
                }
              ],
              "functions": [
                {
                  "function": "minecraft:set_count",
                  "count": 3
                }
              ]
            },
            {
              "type": "minecraft:item",
              "name": "gtceu:copper_bolt",
              "conditions": [
                {
                  "condition": "minecraft:block_state_property",
                  "block": "firmaciv:wood/watercraft_frame_flat/ash",
                  "properties": {
                    "frame_processed": "7"
                  }
                }
              ],
              "functions": [
                {
                  "function": "minecraft:set_count",
                  "count": 4
                }
              ]
            }
          ]
        }
      ],
      "conditions": [
        {
          "condition": "minecraft:survives_explosion"
        }
      ]
    }
  ]
}