{"credit":"Made with Blockbench","textures":{"particle":"#mud"},"elements":[{"from":[2,0,1],"to":[6,3,7],"faces":{"north":{"uv":[1,0,5,3],"texture":"#mud"},"east":{"uv":[1,0,7,3],"texture":"#mud"},"south":{"uv":[1,0,5,3],"texture":"#mud"},"west":{"uv":[1,0,7,3],"texture":"#mud"},"up":{"uv":[1,0,5,6],"texture":"#mud"},"down":{"uv":[1,0,5,6],"texture":"#mud"}}},{"from":[10,0,1],"to":[14,3,7],"faces":{"north":{"uv":[1,0,5,3],"texture":"#mud"},"east":{"uv":[1,0,7,3],"texture":"#mud"},"south":{"uv":[1,0,5,3],"texture":"#mud"},"west":{"uv":[1,0,7,3],"texture":"#mud"},"up":{"uv":[1,0,5,6],"texture":"#mud"},"down":{"uv":[1,0,5,6],"texture":"#mud"}}}]}