{
  "ae2:charger": null,
  "ae2:crafting_monitor": null,
  "ae2:debug": null,
  "ae2:grid_node_state": null,
  "ae2:part_icon": null,
  "ae2:part_mod_name": null,
  "ae2:part_name": null,
  "ae2:part_tooltip": null,
  "ae2:pattern_provider": null,
  "ae2:power_storage": null,
  "ae2:server_data": null,
  "corpse:corpse": null,
  "create:backtank_capacity": null,
  "create:blaze_burner": null,
  "create:contraption_inv": null,
  "create:copper_backtank": null,
  "create:crafting_blueprint": null,
  "create:exact_block": null,
  "create:filter": null,
  "create:goggles": null,
  "create:hide_boiler_tanks": null,
  "create:placard": null,
  "expatternprovider:jade_chamber": null,
  "expatternprovider:jade_wireless": null,
  "expatternprovider:tile_data": null,
  "exposure:lightroom": null,
  "exposure:photograph_frame": null,
  "extendedcrafting:advanced_auto_table": null,
  "extendedcrafting:advanced_table": null,
  "extendedcrafting:auto_ender_crafter": null,
  "extendedcrafting:basic_auto_table": null,
  "extendedcrafting:basic_table": null,
  "extendedcrafting:compressor": null,
  "extendedcrafting:crafting_core": null,
  "extendedcrafting:elite_auto_table": null,
  "extendedcrafting:elite_table": null,
  "extendedcrafting:ender_crafter": null,
  "extendedcrafting:flux_crafter": null,
  "extendedcrafting:ultimate_auto_table": null,
  "extendedcrafting:ultimate_table": null,
  "firmalife:cheese": null,
  "firmalife:drying_mat": null,
  "firmalife:fruit_tree_sapling": null,
  "firmalife:hanger": null,
  "firmalife:jarbnet": null,
  "firmalife:oven_bottom": null,
  "firmalife:oven_top": null,
  "firmalife:shelf": null,
  "firmalife:solar_drier": null,
  "firmalife:string": null,
  "firmalife:tumbler": null,
  "firmalife:vat": null,
  "framedblocks:framed_item_frame": null,
  "gtceu:controllable_provider": null,
  "gtceu:electric_container_provider": null,
  "gtceu:fluid_storage": null,
  "gtceu:recipe_logic_provider": null,
  "gtceu:workable_provider": null,
  "jade:block_face": null,
  "jade:distance": null,
  "jade:mod_name": null,
  "jade:object_name": null,
  "jade:registry_name": null,
  "lootr:inventory": null,
  "minecraft:animal_owner": null,
  "minecraft:armor_stand": null,
  "minecraft:beehive": null,
  "minecraft:block_display": null,
  "minecraft:block_states": null,
  "minecraft:brewing_stand": null,
  "minecraft:campfire": null,
  "minecraft:chicken_egg": null,
  "minecraft:chiseled_bookshelf": null,
  "minecraft:command_block": null,
  "minecraft:crop_progress": null,
  "minecraft:enchantment_power": null,
  "minecraft:energy_storage": null,
  "minecraft:entity_armor": null,
  "minecraft:entity_health": null,
  "minecraft:falling_block": null,
  "minecraft:fluid_storage": null,
  "minecraft:furnace": null,
  "minecraft:harvest_tool": null,
  "minecraft:horse_stats": null,
  "minecraft:item_ber": null,
  "minecraft:item_display": null,
  "minecraft:item_frame": null,
  "minecraft:item_storage": null,
  "minecraft:item_tooltip": null,
  "minecraft:jukebox": null,
  "minecraft:lectern": null,
  "minecraft:mob_breeding": null,
  "minecraft:mob_growth": null,
  "minecraft:mob_spawner": null,
  "minecraft:note_block": null,
  "minecraft:painting": null,
  "minecraft:player_head": null,
  "minecraft:potion_effects": null,
  "minecraft:progress": null,
  "minecraft:redstone": null,
  "minecraft:tnt_stability": null,
  "minecraft:total_enchantment_power": null,
  "minecraft:villager_profession": null,
  "minecraft:zombie_villager": null,
  "tfc:animal": null,
  "tfc:axle": null,
  "tfc:barrel": null,
  "tfc:bellows": null,
  "tfc:blast_furnace": null,
  "tfc:bloom": null,
  "tfc:bloomery": null,
  "tfc:candle": null,
  "tfc:candle_cake": null,
  "tfc:charcoal_forge": null,
  "tfc:chested_horse": null,
  "tfc:clutch": null,
  "tfc:composter": null,
  "tfc:crankshaft": null,
  "tfc:crop": null,
  "tfc:crucible": null,
  "tfc:decaying": null,
  "tfc:encased_axle": null,
  "tfc:firepit": null,
  "tfc:fish": null,
  "tfc:fishing_hook": null,
  "tfc:frog": null,
  "tfc:fruit_tree_sapling": null,
  "tfc:gearbox": null,
  "tfc:hand_wheel": null,
  "tfc:hoe_overlay": null,
  "tfc:horse": null,
  "tfc:hot_poured_glass": null,
  "tfc:ingot_pile": null,
  "tfc:jack_o_lantern": null,
  "tfc:lamp": null,
  "tfc:loom": null,
  "tfc:mold_table": null,
  "tfc:mud_bricks": null,
  "tfc:nest_box": null,
  "tfc:ocelot": null,
  "tfc:pack_predator": null,
  "tfc:pit_kiln_above": null,
  "tfc:pit_kiln_internal": null,
  "tfc:powder_keg": null,
  "tfc:predator": null,
  "tfc:quern": null,
  "tfc:rabbit": null,
  "tfc:sapling": null,
  "tfc:sheet_pile": null,
  "tfc:squid": null,
  "tfc:torch": null,
  "tfc:wall_torch": null,
  "tfc:water_wheel": null,
  "tfc:wild_animal": null,
  "tfc:windmill": null,
  "tfc_support_indicator:support_indicator": null,
  "treetap:tap": null
}