{
  "_schemaVersion": 6,
  "_lastMCVersionId": 763,
  "generalSettings": {
    "detectATLauncherInstance": false,
    "detectCurseManifest": false,
    "detectMultiMCManifest": false,
    "detectMCUpdaterInstance": false,
    "detectTechnicPack": false,
    "detectModrinthPack": false,
    "detectBiomeData": true,
    "detectDimensionData": true,
    "detectWorldData": true,
    "clientId": "1182610212121743470",
    "defaultIcon": "tfg-icon",
    "enableJoinRequests": false,
    "preferredClientLevel": 3,
    "resetTimeOnInit": false,
    "autoRegister": false
  },
  "biomeSettings": {
    "fallbackBiomeIcon": "tfg-icon",
    "biomeData": {
      "default": {
        "textOverride": "Playing in {biome.name}"
      }
    }
  },
  "dimensionSettings": {
    "fallbackDimensionIcon": "tfg-icon",
    "dimensionData": {
      "default": {
        "textOverride": "In the {dimension.name}"
      }
    }
  },
  "serverSettings": {
    "fallbackServerIcon": "tfg-icon",
    "fallbackServerName": "Minecraft Server",
    "fallbackServerMotd": "A Minecraft Server",
    "serverData": {
      "default": {
        "textOverride": "Playing on {server.motd.raw}"
      }
    }
  },
  "statusMessages": {
    "mainMenuData": {
      "textOverride": "In the Main Menu"
    },
    "loadingData": {
      "textOverride": "Loading..."
    },
    "lanData": {
      "textOverride": "Playing on a LAN Server"
    },
    "singleplayerData": {
      "textOverride": "Playing Singleplayer"
    },
    "realmData": {
      "textOverride": "Playing on {server.motd.raw}"
    }
  },
  "advancedSettings": {
    "enablePerGui": false,
    "enablePerItem": false,
    "enablePerEntity": false,
    "formatWords": true,
    "debugMode": false,
    "verboseMode": false,
    "refreshRate": 2,
    "allowPlaceholderPreviews": false,
    "guiSettings": {
      "fallbackGuiIcon": "tfg-icon",
      "guiData": {
        "default": {
          "textOverride": "In {screen.name}"
        }
      }
    },
    "itemMessages": {
      "default": "Holding {item.message.holding}"
    },
    "entitySettings": {
      "fallbackEntityIcon": "tfg-icon",
      "targetData": {
        "default": {
          "textOverride": "Targeting {entity.target.name}"
        }
      },
      "ridingData": {
        "default": {
          "textOverride": "Riding {entity.riding.name}"
        }
      }
    },
    "allowEndpointIcons": true,
    "serverIconEndpoint": "https://api.mcsrvstat.us/icon/{server.address.short}",
    "playerSkinEndpoint": "https://mc-heads.net/avatar/{getOrDefault(player.uuid.short, player.name)}",
    "allowDuplicatePackets": false,
    "maxConnectionAttempts": 10,
    "enableClassGraph": false
  },
  "accessibilitySettings": {
    "languageId": "en_us",
    "stripTranslationColors": false,
    "stripTranslationFormatting": false,
    "stripExtraGuiElements": false,
    "configKeyCode": -1
  },
  "displaySettings": {
    "presenceData": {
      "enabled": true,
      "useAsMain": false,
      "isInstance": false,
      "activityType": 0,
      "partyPrivacy": 1,
      "details": "{getFirst(menu.message, dimension.message)}",
      "gameState": "{getOrDefault(server.message)} {getOrDefault(pack.name)}",
      "largeImageKey": "{getFirst(menu.icon, dimension.icon)}",
      "largeImageText": "{getFirst(menu.message, dimension.message)}",
      "smallImageKey": "{getFirst(server.icon, pack.icon)}",
      "smallImageText": "{getOrDefault(server.message)} {getOrDefault(pack.name)}",
      "startTimestamp": "{data.general.time}",
      "endTimestamp": "",
      "buttons": {
        "default": {
          "label": "Example Text",
          "url": "https://google.com"
        }
      }
    },
    "dynamicIcons": {
      "Xikaro": "https://mc-heads.net/avatar/57b3dfb5f8a649e28b544e4ffc63256f",
      "default": "https://via.placeholder.com/256.png"
    },
    "dynamicVariables": {
      "default": "Example Text",
      "mods": "{general.mods} Mod(s)",
      "player_info_coordinate": "At {player.position.x}, {player.position.z}",
      "players": "{server.players.current} / {server.players.max} Players",
      "player_info_in": "({custom.player_info.health})",
      "player_info_items": "Items: {item.main_hand.message}",
      "player_info_out": "As {player.name}",
      "player_info_health": "Health: {player.health.current}/{player.health.max}",
      "world_info": "On {world.name}",
      "pack": "{pack.name}"
    }
  }
}